{
    "accuracy": 0.9,
    "precision": 0.9111111111111112,
    "recall": 0.9,
    "f1": 0.8993265993265993,
    "classification_report": "              precision    recall  f1-score   support\n\n    Negative       0.83      1.00      0.91        10\n     Neutral       0.90      0.90      0.90        10\n    Positive       1.00      0.80      0.89        10\n\n    accuracy                           0.90        30\n   macro avg       0.91      0.90      0.90        30\nweighted avg       0.91      0.90      0.90        30\n",
    "confusion_matrix": [
        [
            10,
            0,
            0
        ],
        [
            1,
            9,
            0
        ],
        [
            1,
            1,
            8
        ]
    ]
}
