{
    "accuracy": 0.8666666666666667,
    "precision": 0.8787878787878788,
    "recall": 0.8666666666666667,
    "f1": 0.8677248677248677,
    "classification_report": "              precision    recall  f1-score   support\n\n    Negative       0.82      0.90      0.86        10\n     Neutral       0.82      0.90      0.86        10\n    Positive       1.00      0.80      0.89        10\n\n    accuracy                           0.87        30\n   macro avg       0.88      0.87      0.87        30\nweighted avg       0.88      0.87      0.87        30\n",
    "confusion_matrix": [
        [
            9,
            1,
            0
        ],
        [
            1,
            9,
            0
        ],
        [
            1,
            1,
            8
        ]
    ]
}
